"team","odds"
Tre Fiori (San) ;0
B36 Torshavn (Fai) ;0
Druids (Wal) ;0
UE Engordany (And) ;0
Birkirkara (Mlt) ;0
Europa FC (Gib) ;0
Sant Julia (And) ;0
Liverpool;0
Liverpool;0
Sevilla;0
Shakhtar Donetsk;0
Villarreal;0
Liverpool;0
Sevilla;0
Shakhtar Donetsk;0
Sparta Prague;0
Ath Bilbao;0
Braga;0
Dortmund;0
Villarreal;0
Anderlecht;0
Braga;0
Manchester United;0
Sevilla;0
Tottenham;0
Bayer Leverkusen;0
Lazio;0
Valencia;0
Ath Bilbao;0
Liverpool;0
Sparta Prague;0
Villarreal;0
Basel;0
Dortmund;0
Fenerbahce;0
Shakhtar Donetsk;0
Basel;0
FC Porto;0
Manchester United;0
Molde;0
Napoli;0
Olympiakos Piraeus;0
Tottenham;0
Ath Bilbao;0
Bayer Leverkusen;0
Krasnodar;0
Lazio;0
Liverpool;0
Rapid Vienna;0
Schalke;0
Lokomotiv Moscow;0
Braga;0
Augsburg;0
Galatasaray;0
Shakhtar Donetsk;0
Sion;0
Sparta Prague;0
Dnipro;0
Dnipro;0
Fiorentina;0
Napoli;0
Sevilla;0
Dnipro;0
Fiorentina;0
Napoli;0
Zenit Petersburg;0
Club Brugge KV;0
Dyn. Kyiv;0
Sevilla;0
Wolfsburg;0
Ajax;0
Besiktas;0
Inter;0
Sevilla;0
Torino;0
AS Roma;0
Dyn. Kyiv;0
Dynamo Moscow;0
Everton;0
Fiorentina;0
Napoli;0
Villarreal;0
Club Brugge KV;0
Dnipro;0
Wolfsburg;0
Zenit Petersburg;0
Ath Bilbao;0
Club Brugge KV;0
Everton;0
Feyenoord;0
Napoli;0
Olympiakos Piraeus;0
Sporting;0
B. Monchengladbach;0
Besiktas;0
Dyn. Kyiv;0
Fiorentina;0
Inter;0
Legia;0
Salzburg;0
Dynamo Moscow;0
Zenit Petersburg;0
Guingamp;0
Liverpool;0
Sevilla;0
Tottenham;0
Villarreal;0
Sevilla;0
Juventus;0
Valencia;0
Benfica;0
Sevilla;0
Benfica;0
Juventus;0
Sevilla;0
Valencia;0
AZ Alkmaar;0
Basel;0
FC Porto;0
Lyon;0
Betis;0
Napoli;0
Salzburg;0
Benfica;0
Fiorentina;0
Plzen;0
Valencia;0
FK Anzi Makhackala;0
AZ Alkmaar;0
Juventus;0
Lyon;0
Sevilla;0
Tottenham;0
Basel;0
FC Porto;0
Ludogorets;0
AZ Alkmaar;0
Benfica;0
Fiorentina;0
Genk;0
Lyon;0
Tottenham;0
Trabzonspor;0
Valencia;0
Basel;0
Eintracht Frankfurt;0
Ludogorets;0
Napoli;0
Salzburg;0
Sevilla;0
Shakhtar Donetsk;0
Rubin Kazan;0
Betis;0
FC Porto;0
Lazio;0
Maribor;0
Swansea;0
Benfica;0
Benfica;0
Chelsea;0
Basel;0
Fenerbahce;0
Basel;0
Lazio;0
Newcastle;0
Rubin Kazan;0
Benfica;0
Chelsea;0
Fenerbahce;0
Tottenham;0
Bordeaux;0
Chelsea;0
Fenerbahce;0
Lazio;0
Newcastle;0
Inter;0
Rubin Kazan;0
Zenit Petersburg;0
Basel;0
Benfica;0
Levante;0
Tottenham;0
FCSB;0
Plzen;0
Stuttgart;0
FK Anzi Makhackala;0
Benfica;0
Bordeaux;0
Chelsea;0
FCSB;0
Fenerbahce;0
Hannover;0
Liverpool;0
Olympiakos Piraeus;0
Plzen;0
CFR Cluj;0
Dnipro;0
Genk;0
Lazio;0
Lyon;0
Metalist Kharkiv;0
Rubin Kazan;0
Atl. Madrid;0
Basel;0
Inter;0
Newcastle;0
Stuttgart;0
Atl. Madrid;0
Ath Bilbao;0
Valencia;0
Atl. Madrid;0
Sporting;0
Ath Bilbao;0
Hannover;0
Metalist Kharkiv;0
Valencia;0
Atl. Madrid;0
AZ Alkmaar;0
Schalke;0
Sporting;0
Besiktas;0
Manchester City;0
Olympiakos Piraeus;0
Schalke;0
Ath Bilbao;0
Hannover;0
PSV;0
Udinese;0
AZ Alkmaar;0
Manchester United;0
St. Liege;0
Valencia;0
Atl. Madrid;0
Metalist Kharkiv;0
Sporting;0
Twente;0
Anderlecht;0
Atl. Madrid;0
Besiktas;0
Manchester United;0
Metalist Kharkiv;0
Olympiakos Piraeus;0
Schalke;0
Sporting;0
Ath Bilbao;0
Club Brugge KV;0
PAOK;0
PSV;0
St. Liege;0
Twente;0
Valencia;0
Manchester City;0
FC Porto;0
Hannover;0
Stoke;0
Trabzonspor;0
Udinese;0
FC Porto;0
Braga;0
Villarreal;0
Benfica;0
FC Porto;0
Braga;0
PSV;0
Twente;0
Spartak Moscow;0
Benfica;0
Dyn. Kyiv;0
FC Porto;0
Villarreal;0
FC Porto;0
Liverpool;0
Rangers;0
Villarreal;0
Manchester City;0
Paris SG;0
Spartak Moscow;0
Zenit Petersburg;0
Ajax;0
Benfica;0
Dyn. Kyiv;0
Twente;0
Bayer Leverkusen;0
Braga;0
CSKA Moscow;0
PSV;0
Ajax;0
Braga;0
Dyn. Kyiv;0
Manchester City;0
Paris SG;0
Twente;0
Stuttgart;0
Villarreal;0
Bayer Leverkusen;0
Liverpool;0
PSV;0
Spartak Moscow;0
Sporting;0
Zenit Petersburg;0
FC Porto;0
CSKA Moscow;0
Basel;0
Rangers;0
Sevilla;0
Sparta Prague;0
Young Boys;0
Atl. Madrid;0
Fulham;0
Liverpool;0
Atl. Madrid;0
Hamburger SV;0
Atl. Madrid;0
Liverpool;0
St. Liege;0
Wolfsburg;0
Benfica;0
Fulham;0
Hamburger SV;0
Valencia;0
Anderlecht;0
Liverpool;0
Sporting;0
Wolfsburg;0
Fulham;0
St. Liege;0
Werder Bremen;0
Juventus;0
Panathinaikos;0
Valencia;0
Atl. Madrid;0
Hamburger SV;0
Lille;0
Rubin Kazan;0
Fenerbahce;0
Hapoel Tel Aviv;0
Juventus;0
Salzburg;0
Sporting;0
Valencia;0
Werder Bremen;0
Wolfsburg;0
Anderlecht;0
AS Roma;0
Galatasaray;0
PSV;0
Shakhtar Donetsk;0
Unirea Urziceni;0
Benfica;0
Ath Bilbao;0
Atl. Madrid;0
Fulham;0
Hamburger SV;0
Hertha Berlin;0
Liverpool;0
Panathinaikos;0
Villarreal;0
Shakhtar Donetsk;0
Hamburger SV;0
Shakhtar Donetsk;0
Werder Bremen;0
Dyn. Kyiv;0
Manchester City;0
Marseille;0
Udinese;0
Dyn. Kyiv;0
Hamburger SV;0
Paris SG;0
Werder Bremen;0
Shakhtar Donetsk;0
Braga;0
Aalborg;0
Galatasaray;0
Shakhtar Donetsk;0
Zenit Petersburg;0
Metalist Kharkiv;0
Ajax;0
St Etienne;0
Manchester City;0
Marseille;0
Udinese;0
Werder Bremen;0
Paris SG;0
CSKA Moscow;0
Dyn. Kyiv;0
Hamburger SV;0
Valencia;0
Dep. La Coruna;0
Tottenham;0
St Etienne;0
AC Milan;0
Ajax;0
Manchester City;0
St. Liege;0
Udinese;0
Stuttgart;0
Galatasaray;0
Wolfsburg;0
Twente;0
Hamburger SV;0
CSKA Moscow;0
Metalist Kharkiv;0
Fiorentina;0
Marseille;0
FC Copenhagen;0
Shakhtar Donetsk;0
Lech Poznan;0
Zenit Petersburg;0
Fiorentina;0
Zenit Petersburg;0
Bayern Munich;0
Rangers;0
Getafe;0
PSV;0
Sporting;0
Zenit Petersburg;0
Bayern Munich;0
Fiorentina;0
Rangers;0
Bayer Leverkusen;0
Sporting;0
Werder Bremen;0
Getafe;0
Bayern Munich;0
Everton;0
PSV;0
Hamburger SV;0
Zenit Petersburg;0
Benfica;0
Bayer Leverkusen;0
Tottenham;0
Bolton;0
Rangers;0
Fiorentina;0
Marseille;0
Anderlecht;0
Braga;0
Basel;0
Everton;0
Nurnberg;0
Atl. Madrid;0
Bordeaux;0
Fiorentina;0
Getafe;0
Helsingborg;0
Tottenham;0
Villarreal;0
Bayern Munich;0
Panathinaikos;0
Spartak Moscow;0
Bayer Leverkusen;0
Hamburger SV;0
Benfica;0
Bolton;0
Slavia Prague;0
Rosenborg;0
Zurich;0
Bala (Wal) �;0
St Josephs (Gib) �;0
Trakai (Ltu) �;0
Folgore (San) �;0
Klaksvik (Fai) �;0
Prishtina (Kos) �;0
Gzira (Mlt) �;0
Sevilla�;0
Villarreal�;0
Shakhtar Donetsk�;0
Sevilla�;0
Liverpool�;0
Dortmund�;0
Ath Bilbao�;0
Braga�;0
Villarreal�;0
Sevilla�;0
Shakhtar Donetsk�;0
Liverpool�;0
Sparta Prague�;0
Shakhtar Donetsk�;0
Fenerbahce�;0
Liverpool�;0
Basel�;0
Dortmund�;0
Villarreal�;0
Sparta Prague�;0
Ath Bilbao�;0
Valencia�;0
Manchester United�;0
Lazio�;0
Bayer Leverkusen�;0
Sevilla�;0
Tottenham�;0
Braga�;0
Anderlecht�;0
St Etienne�;0
Dortmund�;0
Midtjylland�;0
Sevilla�;0
Villarreal�;0
Anderlecht�;0
Fiorentina�;0
Marseille�;0
Sporting�;0
Sparta Prague�;0
Galatasaray�;0
Augsburg�;0
Valencia�;0
Shakhtar Donetsk�;0
Fenerbahce�;0
Sion�;0
Liverpool�;0
Lazio�;0
Schalke�;0
Braga�;0
Krasnodar�;0
Sevilla�;0
Napoli�;0
Sevilla�;0
Dnipro�;0
Fiorentina�;0
Club Brugge KV�;0
Dyn. Kyiv�;0
Wolfsburg�;0
Sevilla�;0
Dnipro�;0
Fiorentina�;0
Zenit Petersburg�;0
Napoli�;0
Dnipro�;0
Club Brugge KV�;0
Wolfsburg�;0
Villarreal�;0
Zenit Petersburg�;0
Fiorentina�;0
Everton�;0
Napoli�;0
Dyn. Kyiv�;0
AS Roma�;0
Dynamo Moscow�;0
Sevilla�;0
Besiktas�;0
Ajax�;0
Inter�;0
Torino�;0
Torino�;0
Aalborg�;0
Young Boys�;0
AS Roma�;0
Trabzonspor�;0
Dnipro�;0
Wolfsburg�;0
Sevilla�;0
Liverpool�;0
Guingamp�;0
Tottenham�;0
Celtic�;0
Ajax�;0
Villarreal�;0
Anderlecht�;0
PSV�;0
Dyn. Kyiv�;0
Besiktas�;0
B. Monchengladbach�;0
Fiorentina�;0
Salzburg�;0
Benfica�;0
Benfica�;0
Sevilla�;0
Juventus�;0
Valencia�;0
AZ Alkmaar�;0
Lyon�;0
FC Porto�;0
Basel�;0
Benfica�;0
Valencia�;0
Sevilla�;0
Juventus�;0
Sevilla�;0
FC Porto�;0
Basel�;0
Tottenham�;0
Juventus�;0
Lyon�;0
Ludogorets�;0
AZ Alkmaar�;0
FK Anzi Makhackala�;0
Fiorentina�;0
Plzen�;0
Betis�;0
Benfica�;0
Salzburg�;0
Napoli�;0
Valencia�;0
Liberec�;0
PAOK�;0
Esbjerg�;0
FK Anzi Makhackala�;0
Ch. Odessa�;0
Dnipro�;0
Juventus�;0
Dyn. Kyiv�;0
Maccabi Tel Aviv�;0
FC Porto�;0
Lazio�;0
Swansea�;0
Ajax�;0
Maribor�;0
Plzen�;0
Betis�;0
Rubin Kazan�;0
Eintracht Frankfurt�;0
Ludogorets�;0
Sevilla�;0
Napoli�;0
Chelsea;0
Fenerbahce�;0
Basel�;0
Chelsea�;0
Benfica�;0
Tottenham�;0
Fenerbahce�;0
Benfica�;0
Chelsea�;0
Newcastle�;0
Rubin Kazan�;0
Lazio�;0
Basel�;0
Benfica�;0
FCSB�;0
Plzen�;0
Stuttgart�;0
FK Anzi Makhackala�;0
Tottenham�;0
Levante�;0
Basel�;0
Zenit Petersburg�;0
Bordeaux�;0
Rubin Kazan�;0
Inter�;0
Chelsea�;0
Fenerbahce�;0
Lazio�;0
Newcastle�;0
Bayer Leverkusen�;0
Dyn. Kyiv�;0
Sparta Prague�;0
Ajax�;0
BATE�;0
FK Anzi Makhackala�;0
Zenit Petersburg�;0
Levante�;0
Napoli�;0
Inter�;0
Basel�;0
Stuttgart�;0
B. Monchengladbach�;0
Tottenham�;0
Newcastle�;0
Atl. Madrid�;0
Rubin Kazan�;0
Dnipro�;0
CFR Cluj�;0
Metalist Kharkiv�;0
Genk�;0
Ath Bilbao�;0
Sporting�;0
Atl. Madrid�;0
Valencia�;0
Ath Bilbao�;0
Schalke�;0
Atl. Madrid�;0
Sporting�;0
AZ Alkmaar�;0
Hannover�;0
Valencia�;0
Ath Bilbao�;0
Metalist Kharkiv�;0
Atl. Madrid�;0
Sporting�;0
Metalist Kharkiv�;0
Twente�;0
Manchester United�;0
St. Liege�;0
Valencia�;0
AZ Alkmaar�;0
Udinese�;0
Ath Bilbao�;0
Hannover�;0
PSV�;0
Besiktas�;0
Olympiakos Piraeus�;0
Manchester City�;0
Schalke�;0
AZ Alkmaar�;0
Lazio�;0
Braga�;0
Ajax�;0
Salzburg�;0
Rubin Kazan�;0
Plzen�;0
Legia�;0
Lokomotiv Moscow�;0
Hannover�;0
Udinese�;0
Trabzonspor�;0
Wisla�;0
FCSB�;0
Stoke�;0
FC Porto�;0
Manchester City�;0
Club Brugge KV�;0
Valencia�;0
PSV�;0
PAOK�;0
Braga�;0
Benfica�;0
FC Porto�;0
Braga�;0
Villarreal�;0
Dyn. Kyiv�;0
Benfica�;0
Villarreal�;0
FC Porto�;0
PSV�;0
Braga�;0
Spartak Moscow�;0
Twente�;0
CSKA Moscow�;0
Braga�;0
PSV�;0
Bayer Leverkusen�;0
Dyn. Kyiv�;0
Benfica�;0
Ajax�;0
Twente�;0
Spartak Moscow�;0
Paris SG�;0
Manchester City�;0
Zenit Petersburg�;0
Villarreal�;0
Liverpool�;0
FC Porto�;0
Rangers�;0
Anderlecht�;0
Lech Poznan�;0
Besiktas�;0
Aris�;0
BATE�;0
Rubin Kazan�;0
Benfica�;0
Napoli�;0
Metalist Kharkiv�;0
Sparta Prague�;0
Lille�;0
Basel�;0
Rangers�;0
Young Boys�;0
Sevilla�;0
PAOK�;0
Spartak Moscow�;0
Sporting�;0
FC Porto�;0
Liverpool�;0
Zenit Petersburg�;0
Fulham;0
Hamburger SV�;0
Atl. Madrid�;0
Liverpool�;0
Fulham�;0
Valencia�;0
Benfica�;0
Hamburger SV�;0
Fulham�;0
Liverpool�;0
Wolfsburg�;0
St. Liege�;0
Atl. Madrid�;0
Hamburger SV�;0
Lille�;0
Atl. Madrid�;0
Rubin Kazan�;0
Juventus�;0
Panathinaikos�;0
Valencia�;0
Fulham�;0
St. Liege�;0
Werder Bremen�;0
Sporting�;0
Anderlecht�;0
Liverpool�;0
Wolfsburg�;0
Lille�;0
Rubin Kazan�;0
Ajax�;0
St. Liege�;0
Everton�;0
Club Brugge KV�;0
Twente�;0
Villarreal�;0
Ath Bilbao�;0
Panathinaikos�;0
Atl. Madrid�;0
Hamburger SV�;0
Fulham�;0
Liverpool�;0
Hertha Berlin�;0
Anderlecht�;0
Galatasaray�;0
Shakhtar Donetsk�;0
PSV�;0
Benfica�;0
Unirea Urziceni�;0
AS Roma�;0
Wolfsburg�;0
Werder Bremen;0
Werder Bremen�;0
Dyn. Kyiv�;0
Hamburger SV�;0
Shakhtar Donetsk�;0
Hamburger SV�;0
Shakhtar Donetsk�;0
Werder Bremen�;0
Paris SG�;0
Manchester City�;0
Dyn. Kyiv�;0
Udinese�;0
Marseille�;0
Paris SG�;0
Manchester City�;0
Hamburger SV�;0
CSKA Moscow�;0
Udinese�;0
Dyn. Kyiv�;0
Marseille�;0
Werder Bremen�;0
Aalborg�;0
Ajax�;0
Zenit Petersburg�;0
St Etienne�;0
Braga�;0
Shakhtar Donetsk�;0
Metalist Kharkiv�;0
Galatasaray�;0
Dyn. Kyiv�;0
Aalborg�;0
Shakhtar Donetsk�;0
Olympiakos Piraeus�;0
Werder Bremen�;0
Fiorentina�;0
FC Copenhagen�;0
Braga�;0
Lech Poznan�;0
Zenit Petersburg�;0
Bordeaux�;0
Paris SG�;0
Marseille�;0
Nijmegen�;0
Aston Villa�;0
Sampdoria�;0
Ajax�;0
Twente�;0
Manchester City�;0
Tottenham�;0
Udinese�;0
Rangers;0
Rangers�;0
Bayern Munich�;0
Zenit Petersburg�;0
Fiorentina�;0
Bayern Munich�;0
Fiorentina�;0
Rangers�;0
Bayer Leverkusen�;0
Getafe�;0
PSV�;0
Sporting�;0
Zenit Petersburg�;0
Bolton�;0
Rangers�;0
Benfica�;0
Anderlecht�;0
Fiorentina�;0
Tottenham�;0
Bayer Leverkusen�;0
Marseille�;0
Getafe�;0
Hamburger SV�;0
PSV�;0
Sporting�;0
Werder Bremen�;0
Everton�;0
Zenit Petersburg�;0
Bayern Munich�;0
Werder Bremen�;0
Sporting�;0
Brann�;0
Benfica�;0
Bolton�;0
Anderlecht�;0
Rosenborg�;0
AEK Athens FC�;0
PSV�;0
Slavia Prague�;0
Zenit Petersburg�;0
Aberdeen�;0
Rangers�;0
Marseille�;0
Galatasaray�;0
Zurich�;0
Nurnberg�;0
Atl. Madrid�;0
Tottenham�;0
Fiorentina�;0
Hamburger SV�;0